TICKER,SETOR,PRECO,DY,P/L,P/VP,P/ATIVOS,MARGEM BRUTA,MARGEM EBIT,MARG. LIQUIDA,P/EBIT,EV/EBIT,DIVIDA LIQUIDA / EBIT,DIV. LIQ. / PATRI.,PSR,P/CAP. GIRO,P. AT CIR. LIQ.,LIQ. CORRENTE,ROE,ROA,ROIC,PATRIMONIO / ATIVOS,PASSIVOS / ATIVOS,GIRO ATIVOS,CAGR RECEITAS 5 ANOS,CAGR LUCROS 5 ANOS,LIQUIDEZ MEDIA DIARIA,VPA,LPA,PEG RATIO,VALOR DE MERCADO
ABEV,Consumo não Cíclico,13.37,6.91,14.6,2.23,1.43,51.46,24.69,15.74,9.31,8.55,-0.76,-0.18,2.3,50.09,-2.03,1.11,15.27,9.8,17.4,0.64,0.35,0.62,11.2,4.14,303809204.24,6.0,0.92,-29.52,210733110167.72
AFLT,Utilidade Pública,7.24,5.93,14.91,1.78,1.32,53.37,48.17,37.61,11.64,12.03,0.39,0.06,5.61,7.48,-1.7,4.76,11.91,8.86,11.93,0.74,0.26,0.24,17.36,3.94,1347.54,4.08,0.49,0.76,456733228.0
AGRO,Consumo não Cíclico,20.4,7.63,6.77,0.97,0.53,39.38,29.46,22.84,5.25,8.4,3.15,0.58,1.55,4.53,-0.77,1.58,14.27,7.79,9.29,0.55,0.45,0.34,13.78,11.82,3132496.86,21.13,3.02,0.22,2094742257.6
AHEB,Consumo Cíclico,49.6,,3.6799999999999997,1.7466666666666668,0.7666666666666666,17.28,12.6,16.64,4.859999999999999,2.9500000000000006,-0.59,-0.21,0.6133333333333333,2.4133333333333336,-1.4100000000000001,3.2999999999999994,47.45000000000001,20.82,23.17,0.44,0.56,1.25,44.62,,6380.0,28.399999999999995,13.479999999999999,0.44,308482931.6
ALLD,Consumo Cíclico,6.91,18.77,5.91,0.41,0.19,12.0,3.42,2.08,3.6,4.36,0.75,0.09,0.12,0.58,-0.65,1.86,6.9,3.22,8.54,0.47,0.53,1.54,8.27,1.88,182737.0,16.95,1.17,-0.2,653045049.13
ALOS,Financeiro e Outros,21.6,4.62,13.6,0.87,0.44,74.1,59.06,31.4,7.23,5.33,-1.9,-0.23,4.27,4.56,-0.52,2.87,6.42,3.24,11.12,0.51,0.47,0.1,29.82,108.22,70577406.24,24.74,1.59,0.19,11727437234.4
ALPA,Consumo Cíclico,8.01,1.27,27.98,1.35,0.855,44.69,3.36,4.58,38.135000000000005,36.71,-1.44,-0.05,1.28,3.25,-1.6800000000000002,2.17,4.83,3.06,1.6,0.63,0.36,0.67,2.05,-6.53,3985202.5,5.93,0.29,-0.25,5473389228.66
ALUP,Utilidade Pública,16.49,2.9233333333333333,8.703333333333333,1.1566666666666665,0.31666666666666665,71.15,71.29,26.72,3.2600000000000002,6.19,2.97,1.05,2.3266666666666667,2.8699999999999997,-0.39666666666666667,2.15,13.26,3.6199999999999997,11.75,0.27,0.61,0.14,-2.7099999999999995,4.88,11559227.173333334,14.353333333333333,1.9033333333333333,0.15,9707511233.15
ANIM,Consumo Cíclico,3.65,14.38,12.67,0.62,0.15,61.77,22.82,3.02,1.68,6.21,4.53,1.68,0.38,1.23,-0.19,2.06,4.91,1.17,10.16,0.24,0.71,0.39,26.33,,17617474.48,5.87,0.29,-0.08,1474121138.25
ARML,Bens Industriais,3.92,3.65,10.43,1.08,0.3,38.06,26.49,7.16,2.82,6.45,3.63,1.38,0.75,1.66,-0.43,2.42,10.31,2.85,11.46,0.28,0.71,0.4,95.79,70.03,8093442.9,3.65,0.38,-0.33,1358256860.24
ASAI,Consumo não Cíclico,9.66,1.11,15.81,2.43,0.29,16.61,5.28,1.1,3.29,6.29,3.0,2.21,0.17,16.13,-0.45,1.05,15.34,1.85,17.32,0.12,0.88,1.68,21.32,-4.63,91025739.57,3.98,0.61,0.86,13062688487.1
AZUL,Bens Industriais,0.63,,0.16,-0.07,0.07,30.81,20.11,58.76,0.47,8.27,8.13,,0.09,-0.17,-0.1,0.35,-41.81,46.55,64.17,-1.11,2.11,0.79,11.28,,11403993.24,-9.41,3.93,0.0,582388351.41
AZZA,Consumo Cíclico,35.67,1.61,19.06,0.94,0.48,53.73,5.52,3.86,13.33,17.2,3.87,0.27,0.74,2.96,-0.89,1.55,4.95,2.52,2.39,0.51,0.49,0.65,37.92,18.97,74734585.29,37.8,1.87,-3.41,7365491629.71
B,Financeiro e Outros,12.98,2.28,14.44,3.64,1.48,89.93,59.29,43.97,10.71,10.77,0.06,0.02,6.35,8.0,-2.27,2.13,25.18,10.22,9.9,0.41,0.59,0.23,12.34,11.76,353514104.29,3.57,0.9,0.78,68359170000.0
BALM,Saúde,18.615000000000002,5.709999999999999,5.88,1.0,0.6499999999999999,61.72,20.12,14.96,4.37,2.87,-1.5,-0.34,0.88,1.27,-2.41,3.3,16.99,11.02,12.65,0.65,0.36,0.74,5.42,37.76,14366.69,18.63,3.17,0.03,182427000.0
BAUH,Consumo não Cíclico,41.245,1.5,8.055,1.65,1.135,25.04,7.79,10.44,10.79,,-2.24,-0.34,0.84,4.805,-2.43,1.79,20.51,14.08,12.52,0.69,0.31,1.35,6.53,-0.09,93726.33,24.98,5.12,0.215,
BLAU,Saúde,12.2,2.77,8.16,0.99,0.64,38.95,22.09,15.16,5.6,5.78,0.17,0.03,1.24,1.92,-1.23,3.23,12.18,7.81,8.87,0.64,0.36,0.52,12.41,6.01,3555935.52,12.27,1.49,0.65,2188606055.8
BMKS,Consumo Cíclico,399.0,8.3,12.05,0.88,0.76,30.53,13.56,96.22,85.47,8.31,-77.16,-0.79,11.59,1.05,-3.28,20.54,7.29,6.35,-0.81,0.87,0.13,0.07,-0.59,41.18,17345.33,454.3,33.13,-0.81,181445250.0
BMOB,Tecnologia da Informação,21.6,6.2,14.36,1.59,1.14,23.47,8.07,8.4,14.95,10.74,-4.21,-0.45,1.21,2.75,-3.38,2.65,11.07,7.91,6.21,0.71,0.28,0.94,57.5,28.72,5775430.76,13.59,1.5,0.35,1849141267.2
BOAS,Financeiro e Outros,7.95,,15.22,1.83,1.7,56.53,19.25,32.39,25.6,18.69,-6.92,-0.5,4.93,3.34,-3.8,12.37,12.04,11.16,0.99,0.93,0.07,0.34,8.81,74.34,,4.34,0.52,1.98,4212250617.75
BRAV,"Petróleo, Gás e Biocombustíveis",18.64,,55.78,0.78,0.2,27.19,27.69,1.62,3.26,8.27,5.01,1.19,0.9,4.18,-0.24,1.4,1.39,0.36,9.09,0.26,0.74,0.22,206.24,,119376491.81,24.02,0.33,-48.26,8652454291.68
BRFS,Consumo não Cíclico,20.16,3.5,8.85,2.11,0.54,26.24,11.77,6.03,4.54,5.47,0.93,0.43,0.53,3.43,-1.08,1.46,23.89,6.09,14.44,0.26,0.72,1.01,12.91,66.71,194852772.38,9.54,2.28,-0.01,33918660639.36
BRML,Financeiro e Outros,8.26,,10.59,0.57,0.34,88.85,65.38,40.46,6.55,8.65,2.09,0.18,4.28,7.6,-0.37,2.06,5.42,3.21,5.92,0.59,0.4,0.08,4.55,-12.5,,14.39,0.78,-0.14,6770891280.44
BRST,Comunicações,2.63,1.56,9.94,0.74,0.28,42.4,14.96,8.46,5.62,10.65,5.03,0.66,0.84,2.84,-0.4,1.54,7.44,2.86,5.71,0.38,0.62,0.34,41.71,35.66,441874.05,3.56,0.26,-0.84,1151959822.31
CALI,Consumo Cíclico,37.5,1.08,15.62,1.5499999999999998,0.43999999999999995,24.5,27.21,17.48,10.035,8.97,2.28,0.35,2.73,1.01,-1.045,4.15,9.93,2.83,6.61,0.29,0.58,0.16,79.12,,0.0,24.18,2.4,-0.01,174720000.0
CAMB,Consumo Cíclico,7.9,8.81,4.46,1.125,0.88,48.85,20.11,17.59,3.905,4.19,-0.53,-0.15,0.7849999999999999,2.625,-1.7449999999999999,3.09,25.25,19.72,19.63,0.78,0.22,1.12,14.78,29.95,217679.52,7.01,1.77,1.225,403727014.0
CAML,Consumo não Cíclico,5.02,5.14,6.15,0.51,0.16,15.02,4.99,2.31,2.85,7.68,4.83,0.86,0.14,0.72,-0.36,1.64,8.27,2.57,6.14,0.31,0.69,1.11,17.84,3.6,5293295.57,9.88,0.82,-0.14,1757000000.0
CASN,Utilidade Pública,7.42,0.635,25.71,3.57,1.5550000000000002,52.75,31.31,16.11,13.23,16.36,3.14,0.85,4.14,-1242.05,-1.8650000000000002,0.99,13.89,6.05,11.13,0.44,0.56,0.38,11.65,22.64,0.0,2.08,0.29,0.060000000000000005,8529097212.5
CATA,Consumo Cíclico,51.805,25.55,0.32,0.04,0.02,29.3,10.48,7.3,0.225,2.62,2.17,0.36,0.025,0.065,-0.05,1.87,11.69,5.7,2.23,0.49,0.51,0.78,12.29,26.21,,1374.59,160.66,0.01,14940354.78
CBAV,Materiais Básicos,4.5,,16.21,0.68,0.22,13.69,11.48,2.05,2.89,6.04,3.15,0.74,0.33,1.61,-0.32,1.77,4.22,1.35,10.16,0.32,0.66,0.66,9.2,,12529956.05,6.57,0.28,-0.14,2929827136.5
CBEE,Utilidade Pública,12.0,,6.59,0.54,0.23,16.66,10.79,7.69,4.7,9.2,4.5,0.51,0.51,-1.74,-0.29,0.62,8.14,3.47,2.7,0.43,0.57,0.45,8.16,19.89,2199.0,22.35,1.82,-0.01,4560474576.0
CEAB,Consumo Cíclico,16.54,4.11,13.22,1.56,0.55,54.88,10.61,4.95,6.16,6.07,-0.09,-0.02,0.65,5.07,-1.04,1.3,11.82,4.16,15.9,0.35,0.65,0.84,7.64,230.92,45910366.33,10.58,1.25,0.14,5098373424.72
CEBR,Utilidade Pública,20.036666666666665,10.173333333333334,8.01,1.2966666666666666,0.9466666666666667,53.68,59.70000000000001,46.169999999999995,6.196666666666666,3.35,-2.92,-0.61,3.6966666666666668,1.8466666666666667,-2.2066666666666666,9.39,16.18,11.79,12.96,0.73,0.10000000000000002,0.26,-33.77,8.66,108677.53333333333,15.47,2.5,2.4433333333333334,1462748571.45
CEDO,Consumo Cíclico,20.865000000000002,,2.09,0.67,0.21500000000000002,28.99,15.04,9.64,1.34,3.85,2.47,1.23,0.2,3.1500000000000004,-0.375,1.19,31.82,10.28,20.05,0.32,0.68,1.07,8.89,,15264.265000000001,31.37,9.98,0.085,214851302.08
CEEB,Utilidade Pública,45.196666666666665,2.6666666666666665,6.746666666666667,1.5066666666666666,0.37666666666666665,30.25,24.16,10.51,2.9333333333333336,6.7,3.6300000000000003,1.87,0.71,-9.903333333333334,-0.45999999999999996,0.83,22.350000000000005,5.62,16.04,0.25,0.75,0.53,10.09,11.71,10904.990000000002,29.98,6.7,-2.3033333333333332,12377646030.36
CEGR,Utilidade Pública,96.72,,46.03,15.0,5.24,28.09,18.21,10.81,27.32,28.0,0.68,0.38,4.97,-152.55,-7.25,0.89,32.59,11.39,24.48,0.35,0.65,1.05,2.19,7.91,0.0,6.45,2.1,-6.8,25112161439.04
CEPE,Utilidade Pública,69.46,,42.833333333333336,3.03,0.37333333333333335,21.24,13.97,1.5,4.586666666666667,14.44,6.78,4.48,0.6433333333333333,178.70666666666668,-0.48333333333333334,1.01,7.07,0.87,11.199999999999998,0.12,0.88,0.58,6.27,-7.77,,22.929999999999996,1.62,0.06666666666666667,8662392210.18
CGRA,Consumo Cíclico,28.16,11.315000000000001,5.6,0.615,0.44,52.2,10.2,14.07,7.725,4.95,-2.74,-0.22,0.79,1.6099999999999999,-0.79,2.52,10.93,7.79,5.27,0.71,0.29,0.55,8.68,-4.37,90999.69,46.02,5.03,0.39,577523450.88
CIEL,Financeiro e Outros,5.83,,11.9,1.64,0.15,41.48,19.61,12.89,7.82,10.78,2.96,0.62,1.53,2.43,-1.48,1.07,13.8,1.22,5.06,0.09,0.89,0.09,-1.94,-2.97,0.0,3.55,0.49,-0.31,15839031805.63
CLSC,Utilidade Pública,99.715,7.0649999999999995,5.225,0.995,0.29000000000000004,17.23,11.83,6.67,2.95,5.62,2.65,0.9,0.35,4.115,-0.42000000000000004,1.28,19.06,5.48,13.06,0.29,0.71,0.82,5.86,21.03,123017.76,100.17,19.09,0.18,3874168202.39
CMIG,Utilidade Pública,12.684999999999999,15.459999999999999,5.1850000000000005,1.3,0.5700000000000001,19.63,23.79,17.25,3.76,4.63,1.09,0.38,0.895,41.81,-0.75,1.06,25.09,10.96,17.72,0.44,0.56,0.64,9.42,17.5,45413928.335,9.75,2.45,0.195,34162659783.46
CMIN,Materiais Básicos,5.03,16.5,7.64,2.7,0.78,50.45,31.11,21.38,5.25,4.4,-0.85,-0.44,1.63,2.99,-1.48,2.24,35.3,10.23,16.77,0.29,0.71,0.48,7.57,-0.28,18203930.62,1.87,0.66,167.86,27591254340.05
COCE,Utilidade Pública,22.19666666666667,,5.15,0.3666666666666667,0.12666666666666668,17.89,12.97,4.4,1.75,7.080000000000001,4.98,1.05,0.22666666666666668,-0.5533333333333333,-0.16,0.48,7.19,2.49,9.57,0.3499999999999999,0.65,0.57,9.44,-1.6900000000000002,54583.619999999995,59.96,4.31,2.22,2301756485.2
COGN,Consumo Cíclico,2.56,2.61,4.88,0.39,0.2,67.94,21.89,15.13,3.38,7.21,3.83,0.44,0.74,3.68,-0.25,1.38,7.9,4.06,5.34,0.51,0.44,0.27,-1.88,33.12,58018576.71,6.63,0.52,-0.02,4804111897.6
CPFE,Utilidade Pública,38.1,7.33,8.23,1.97,0.56,31.69,25.03,12.37,4.07,6.32,2.25,1.09,1.02,-176.28,-0.72,0.99,23.97,6.78,16.11,0.28,0.7,0.55,7.33,14.56,38151102.29,19.31,4.63,-1.68,43900894164.0
CPLE,Utilidade Pública,11.966666666666667,6.626666666666666,12.126666666666665,1.36,0.5933333333333334,22.100000000000005,19.07,12.729999999999999,8.09,10.72,2.89,0.48,1.5433333333333332,6.776666666666666,-0.81,1.4799999999999998,11.199999999999998,4.89,8.44,0.44,0.56,0.38000000000000006,6.88,8.15,49998981.53333333,8.81,0.9899999999999999,0.33666666666666667,34535470197.54
CPRE,Utilidade Pública,18.23,,9.29,2.11,1.0,63.99,48.06,32.27,6.24,6.25,0.01,0.0,3.0,-207.33,-1.18,0.97,22.74,10.72,20.61,0.47,0.52,0.33,13.5,64.55,,8.63,1.96,-0.88,10824655047.92
CREM,Saúde,14.5,,32.7,2.45,0.67,30.3,7.39,2.1,9.28,13.11,3.84,1.01,0.69,4.89,-1.69,1.29,7.5,2.05,9.29,0.27,0.73,0.98,1.09,,,5.91,0.44,22.14,465122474.0
CRFB,Consumo não Cíclico,8.48,1.13,9.22,0.85,0.18,18.15,3.72,1.65,4.1,8.59,4.49,0.93,0.15,2554.97,-0.36,1.0,9.21,1.99,8.41,0.22,0.77,1.2,14.0,13.87,114275720.07,9.98,0.92,-0.02,17884800909.28
CSED,Consumo Cíclico,4.85,7.75,9.2,1.14,0.37,49.42,20.05,7.3,3.35,4.32,0.97,0.33,0.67,6.25,-0.48,1.35,12.34,4.0,18.13,0.32,0.68,0.55,11.74,9.71,1602651.38,4.27,0.53,0.18,1768031377.2
CSMG,Utilidade Pública,26.15,6.38,7.13,1.2,0.62,43.05,25.74,17.26,4.78,7.32,2.54,0.64,1.23,22.54,-0.74,1.22,16.8,8.75,9.46,0.52,0.48,0.51,8.84,13.06,57492026.57,21.82,3.67,144.25,9943617754.35
CSRN,Utilidade Pública,14.733333333333334,9.526666666666666,4.723333333333334,1.4633333333333336,0.39999999999999997,29.69,24.55,13.479999999999999,2.5966666666666667,5.05,2.65,1.5,0.6366666666666667,5.513333333333333,-0.5166666666666667,1.4799999999999998,31.03,8.5,18.9,0.27,0.73,0.63,7.94,13.79,0.0,10.04,3.1199999999999997,-0.36333333333333334,2273440192.0
CSUD,Bens Industriais,17.5,6.45,8.01,1.48,1.03,42.13,22.26,15.78,5.67,5.56,-0.12,-0.03,1.26,16.7,-1.46,1.27,18.47,12.89,12.34,0.7,0.3,0.82,5.53,27.77,465815.86,11.83,2.19,-6.88,731500000.0
CURY,Consumo Cíclico,29.81,4.97,12.05,7.67,1.79,38.82,21.36,16.77,9.46,9.18,-0.28,-0.23,2.02,5.11,-4.77,2.26,63.68,14.82,30.98,0.23,0.72,0.88,30.96,35.15,43434960.57,3.89,2.47,0.34,8700796373.28
CYRE,Consumo Cíclico,26.8,3.99,6.02,1.1,0.47,32.6,24.36,20.48,5.06,6.54,1.48,0.32,1.23,1.18,-1.09,3.36,18.28,7.82,11.17,0.43,0.52,0.38,15.17,32.67,93166854.81,24.35,4.45,0.09,10291200000.0
DESK,Comunicações,8.1,0.45,10.39,0.69,0.26,62.22,31.24,7.82,2.6,5.52,2.92,0.77,0.81,5.63,-0.32,1.37,6.59,2.52,11.0,0.38,0.61,0.32,,,802087.71,11.82,0.78,-0.83,938611881.0
DEXP,Materiais Básicos,8.675,6.130000000000001,6.0649999999999995,0.95,0.58,17.59,11.84,7.72,3.955,3.8,-0.15,-0.04,0.47,1.32,-1.6949999999999998,3.06,15.64,9.63,13.42,0.62,0.38,1.25,17.81,44.36,266385.38,9.15,1.43,-0.55,947780949.51
DIRR,Consumo Cíclico,40.2,9.28,10.69,3.2,0.66,37.03,22.2,18.26,8.79,9.23,0.44,0.16,1.95,2.02,-1.18,3.82,29.96,6.15,16.56,0.21,0.78,0.34,18.09,45.38,47853358.33,12.56,3.76,0.2,6974700000.0
DMVF,Saúde,4.69,,9.51,0.26,0.13,30.38,2.82,1.11,3.75,3.81,0.07,0.0,0.11,5.62,-0.19,1.08,2.78,1.36,6.47,0.49,0.51,1.23,353.03,,233251.05,17.72,0.49,2.4,237327328.98
DXCO,Materiais Básicos,5.14,1.05,16.36,0.61,0.23,28.62,12.03,3.14,4.27,9.38,5.1,0.73,0.51,3.23,-0.32,1.37,3.75,1.43,7.14,0.38,0.6,0.46,10.44,-8.66,11509705.76,8.38,0.31,-0.29,4217710504.44
EALT,Bens Industriais,14.445,1.395,3.4299999999999997,0.96,0.5,29.1,20.65,16.13,2.68,3.48,0.81,0.29,0.55,5.465,-0.88,1.27,28.11,14.7,21.15,0.52,0.48,0.91,13.53,41.25,57542.74,14.98,4.21,0.05,324097500.0
ECOR,Bens Industriais,6.78,,5.76,1.32,0.15,39.22,35.46,8.06,1.31,6.61,5.3,5.35,0.46,-9.13,-0.17,0.9,22.93,2.53,10.52,0.11,0.88,0.31,20.09,,19201283.62,5.13,1.18,0.3,4721146038.72
EEEL,Utilidade Pública,352.385,,5.665,1.12,0.415,55.65,49.33,26.05,2.99,5.32,2.81,1.05,1.475,10.64,-0.505,1.28,19.76,7.34,12.66,0.37,0.63,0.28,13.69,8.82,,314.98,62.24,-7.545,2840511499.76
EGIE,Utilidade Pública,41.89,5.55,10.16,2.83,0.65,53.62,55.8,28.94,5.27,8.4,3.13,1.68,2.94,18.02,-0.78,1.27,27.84,6.38,14.29,0.23,0.75,0.22,2.73,7.81,58479966.29,14.81,4.12,-0.5,34179213028.6
EKTR,Utilidade Pública,42.495000000000005,11.155000000000001,8.845,3.6050000000000004,0.675,27.78,22.71,9.89,3.8499999999999996,6.93,3.05,2.85,0.875,-40.760000000000005,-0.93,0.94,40.74,7.61,19.25,0.19,0.81,0.77,6.61,13.47,7711.69,11.79,4.8,-2.835,8288735245.07
ELEK,Materiais Básicos,28.05,,35.900000000000006,3.9050000000000002,1.5699999999999998,11.39,2.82,2.53,32.21,38.76,5.75,0.7,0.9099999999999999,5.505,-3.8099999999999996,1.94,10.87,4.36,4.38,0.4,0.6,1.72,1.48,,,7.19,0.78,-0.515,905051916.3
ELET,Utilidade Pública,54.79,3.99,13.043333333333331,1.04,0.45,44.48,52.13,23.16,5.79,6.03,1.84,0.33,3.02,3.9133333333333327,-0.5633333333333334,2.29,7.98,3.44,10.770000000000001,0.43,0.57,0.15,7.7,-1.9400000000000002,75239516.76333334,52.63,4.2,0.10666666666666667,91435335250.14
ELMD,Comunicações,31.0,0.64,39.74,4.53,1.39,49.42,24.62,8.95,14.44,17.04,2.6,0.82,3.55,10.24,-2.04,1.76,11.4,3.51,9.18,0.31,0.63,0.39,32.0,51.88,449813.5,6.85,0.78,8.29,4455057771.0
ELPL,Utilidade Pública,8.31,,2.1,0.41,0.08,20.32,15.0,5.69,0.8,3.62,2.82,1.46,0.12,-0.56,-0.11,0.6,19.68,4.0,18.04,0.2,0.8,0.7,6.92,8.75,,20.08,3.95,0.12,2485315360.74
EMAE,Utilidade Pública,89.91000000000001,1.665,49.875,2.695,1.54,36.47,0.3,10.8,1823.22,1428.57,-146.02,-0.22,5.385,7.0649999999999995,-2.18,3.91,5.41,3.09,-2.15,0.57,0.43,0.29,7.2,-6.38,61218.43,33.33,1.8,-0.88,2868899267.0
EMBR,Bens Industriais,68.13,0.1,22.83,2.75,0.75,17.79,10.93,5.91,12.34,13.31,0.97,0.22,1.35,5.77,-1.62,1.32,12.07,3.29,12.86,0.27,0.7,0.56,27.61,,370074248.9,24.73,2.98,0.32,50447883447.72
ENAT,"Petróleo, Gás e Biocombustíveis",21.8,,10.29,1.29,0.46,24.54,56.1,25.34,4.65,5.12,0.47,0.13,2.61,1.31,-0.85,3.9,12.53,4.43,8.6,0.35,0.65,0.17,11.74,5.75,201679399.0,16.91,2.12,0.01,5785005265.2
ENBR,Utilidade Pública,24.08,5.18,6.81,1.16,0.33,26.81,22.09,11.38,3.51,5.85,2.34,0.77,0.77,2.1,-0.7,1.44,17.02,4.9,15.23,0.29,0.68,0.43,2.76,8.96,,20.77,3.54,0.14,13994459653.44
ENEV,Utilidade Pública,13.7,,54.33,1.38,0.49,31.26,17.71,3.53,10.83,16.74,5.91,0.75,1.92,7.09,-0.61,1.53,2.55,0.89,-1.71,0.35,0.62,0.25,29.41,-4.1,72309856.71,9.9,0.25,-0.06,26476507207.9
ENGI,Utilidade Pública,21.71666666666667,5.3566666666666665,5.976666666666667,1.2166666666666666,0.28,24.92,17.38,10.729999999999999,3.6933333333333334,8.25,4.73,1.5599999999999998,0.6433333333333333,4.37,-0.3666666666666667,1.38,20.36,4.68,9.54,0.23,0.71,0.44,11.12,51.74,25289142.430000003,18.336666666666666,3.733333333333333,0.11333333333333333,20861237529.26
ENMA,Utilidade Pública,67.24,,15.155000000000001,2.61,1.0,27.91,16.43,11.39,10.51,,2.99,0.74,1.73,13.635000000000002,-1.35,1.4,17.21,6.62,11.9,0.38,0.62,0.58,10.37,2.39,,25.77,4.44,-2.74,
ENMT,Utilidade Pública,62.45,4.455,13.6,3.4,0.9550000000000001,26.26,19.42,12.15,8.51,12.01,3.65,1.46,1.65,9.675,-1.3199999999999998,1.56,25.01,7.02,14.07,0.28,0.72,0.58,10.74,11.09,27741.48,18.36,4.59,-0.4,13438729841.6
EPAR,Financeiro e Outros,4.92,37.35,12.74,1.34,1.06,13.93,-53.45,81.38,-19.4,-15.59,3.81,-0.26,10.37,4.56,-1.41,13.71,10.5,8.31,-20.29,0.79,0.21,0.1,-44.69,-9.91,11158.95,3.68,0.39,-0.1,73113994.56
EQPA,Utilidade Pública,6.8125,9.834999999999999,7.762499999999999,2.7925,0.87,31.06,22.79,17.37,5.9175,6.59,1.69,0.8,1.35,10.1875,-1.295,1.35,36.01,11.21,19.77,0.31,0.69,0.65,14.19,32.82,10274.119999999999,2.44,0.88,-0.5925,12465679418.96
EQTL,Utilidade Pública,34.22,2.31,13.9,1.6,0.37,28.4,19.18,6.55,4.74,9.6,4.86,1.64,0.91,8.33,-0.48,1.24,11.53,2.67,10.3,0.23,0.73,0.41,19.27,5.04,194676240.38,21.35,2.46,0.34,42930635571.36
ESPA,Consumo não Cíclico,1.12,0.12,46.51,0.47,0.18,32.88,14.5,0.84,2.7,6.95,4.25,0.74,0.39,1.18,-0.33,1.48,1.0,0.38,8.22,0.38,0.62,0.45,9.72,-29.8,278093.76,2.4,0.02,-0.34,404793833.92
ETER,Bens Industriais,3.75,3.35,8.34,0.29,0.18,19.9,1.87,2.36,10.51,15.57,5.06,0.14,0.2,1.06,-0.3,1.72,3.49,2.13,-1.51,0.61,0.39,0.9,18.91,,238996.0,12.87,0.45,-0.11,231662156.25
EUCA,Materiais Básicos,18.375,3.85,7.07,0.64,0.35,34.04,14.02,8.13,4.095000000000001,5.42,1.41,0.22,0.575,1.725,-0.5800000000000001,2.06,9.07,4.96,9.36,0.55,0.45,0.61,13.37,29.66,320044.44999999995,28.64,2.6,-0.18,1665904721.08
EVEN,Consumo Cíclico,7.01,5.71,45.12,0.74,0.27,26.88,4.37,1.68,17.38,20.42,3.05,0.13,0.76,0.44,-1.44,4.38,1.65,0.6,1.38,0.37,0.58,0.36,2.43,-23.57,2364704.62,9.43,0.16,-0.52,1402000000.0
EZTC,Consumo Cíclico,13.07,8.94,6.53,0.59,0.41,35.19,22.74,27.07,7.78,8.85,1.07,0.08,1.77,1.09,-0.74,7.71,9.02,6.35,5.06,0.7,0.28,0.23,14.17,9.48,10224184.29,22.17,2.0,0.09,2888327576.21
FESA,Materiais Básicos,9.405,5.65,10.695,0.985,0.765,19.68,6.09,13.64,23.935000000000002,18.06,-3.51,-0.14,1.46,2.94,-1.25,3.09,9.23,7.16,3.7,0.78,0.22,0.53,11.82,7.02,1476441.2,9.52,0.88,1.71,2992569500.0
FIQE,Comunicações,3.64,2.72,7.57,1.08,0.57,50.81,25.62,16.64,4.92,5.5,0.58,0.13,1.26,5.73,-0.79,1.55,14.27,7.5,10.2,0.53,0.47,0.45,44.39,36.61,627304.43,3.37,0.48,-0.24,1317860576.76
FLRY,Saúde,12.71,8.01,11.08,1.33,0.52,27.58,15.44,8.05,5.78,8.3,2.52,0.58,0.89,2.65,-0.81,2.29,12.01,4.73,9.05,0.39,0.6,0.59,21.48,14.98,24900949.38,9.55,1.15,0.43,6954797940.46
FRAS,Bens Industriais,23.75,3.62,20.31,3.12,0.99,33.57,13.35,7.36,11.19,14.58,3.39,0.95,1.49,3.73,-1.93,2.19,15.38,4.87,9.46,0.32,0.68,0.66,23.77,54.79,12317705.33,7.6,1.17,-1.18,6657958411.25
GEPA,Utilidade Pública,34.620000000000005,20.29,3.755,1.9300000000000002,0.9299999999999999,19.83,30.15,61.28,7.63,8.17,0.44,0.11,2.305,-8.774999999999999,-1.1400000000000001,0.63,51.48,24.76,16.68,0.48,0.52,0.4,1.08,27.75,8564.135,17.91,9.22,0.025,3309571791.54
GETT,Financeiro e Outros,4.933333333333334,,15.513333333333334,2.546666666666667,0.16666666666666666,41.43,18.41,17.71,14.923333333333332,,0.9899999999999999,0.17,2.75,6.436666666666667,-4.026666666666666,1.03,16.41,1.07,7.88,0.07,0.93,0.06,,,0.0,1.9400000000000002,0.32,0.22999999999999998,
GGBR,Materiais Básicos,15.309999999999999,4.195,9.489999999999998,0.5549999999999999,0.365,12.8,8.98,4.8,5.07,6.39,1.25,0.14,0.45499999999999996,1.555,-0.5800000000000001,2.64,5.84,3.82,6.72,0.65,0.34,0.8,11.07,22.14,54094263.120000005,27.62,1.61,-0.2,31495291552.44
GGPS,Bens Industriais,15.13,2.14,15.38,2.79,0.71,14.79,8.44,4.21,7.68,9.17,1.48,0.54,0.65,2.33,-1.5,2.34,18.15,4.6,12.87,0.25,0.75,1.09,27.93,25.7,34340219.24,5.42,0.98,14.83,10247257021.26
GMAT,Consumo não Cíclico,7.71,2.8,12.43,1.73,0.86,22.79,6.75,4.22,7.77,8.05,0.28,0.06,0.52,2.36,-2.3,2.4,13.93,6.93,17.63,0.5,0.5,1.64,31.9,32.81,22433991.48,4.45,0.62,0.88,17335702420.14
GOAU,Materiais Básicos,9.01,3.775,8.015,0.46,0.1,12.8,8.96,1.64,1.4649999999999999,2.71,1.25,0.39,0.13,0.45,-0.17,2.64,5.74,1.3,7.26,0.23,0.34,0.8,11.07,21.31,18589369.95,19.58,1.12,-0.17,8945384791.98
GRND,Consumo Cíclico,5.1,9.47,6.49,1.17,0.98,47.65,19.36,26.72,8.96,6.2,-2.75,-0.36,1.73,1.84,-3.18,4.47,18.02,15.15,8.84,0.84,0.16,0.57,4.88,7.45,14168529.38,4.36,0.79,0.3,4601016000.0
GUAR,Consumo Cíclico,7.71,,11.83,0.72,0.29,59.41,8.05,3.31,4.86,5.95,1.1,0.16,0.39,1.43,-0.77,1.49,6.05,2.46,8.37,0.41,0.59,0.74,4.29,-11.3,4461647.19,10.78,0.65,0.01,3848832000.0
HAGA,Bens Industriais,1.565,,9.4,-0.365,0.275,24.83,-0.38,6.53,-160.155,93.3,240.67,,0.615,0.525,-2.565,2.43,-3.9,2.95,1.45,-0.76,1.76,0.45,4.63,-4.58,2566.605,-4.27,0.17,-0.2,17136000.25
HBOR,Consumo Cíclico,2.21,4.58,5.18,0.2,0.05,33.62,17.84,4.48,1.3,7.88,6.58,1.02,0.23,0.32,-0.08,1.61,3.91,0.89,4.42,0.23,0.56,0.2,-0.32,,3083767.86,10.91,0.43,0.46,295810869.12
HBTS,Financeiro e Outros,9.693333333333333,,4.306666666666667,0.13666666666666666,0.05333333333333334,51.419999999999995,15.300000000000002,29.66,8.35,,21.72,0.36000000000000004,1.2766666666666666,1.6766666666666667,-0.06333333333333334,1.37,3.17,1.27,-0.04,0.4000000000000001,0.6,0.04,,,28684.8,70.91,2.25,-0.04666666666666667,
HYPE,Saúde,26.34,4.44,20.63,1.42,0.69,56.39,15.15,12.08,16.45,23.89,7.45,0.64,2.49,13.63,-0.9,1.26,6.89,3.32,-0.09,0.48,0.52,0.28,17.7,-7.02,68787165.86,18.53,1.28,-0.39,16684304477.82
IGTA,Financeiro e Outros,33.0,,14.5,1.42,0.84,66.58,58.35,34.66,8.62,9.98,1.36,0.22,5.03,4.05,-1.16,4.11,9.81,5.81,8.34,0.59,0.41,0.17,7.14,3.89,,23.2,2.28,1.23,5444845626.0
IGTI,Financeiro e Outros,11.276666666666666,3.3066666666666666,18.5,1.79,0.8833333333333334,69.32,61.18,33.6,10.16,9.63,2.37,0.42,6.216666666666666,3.683333333333333,-1.26,4.9,9.66,4.76,8.39,0.49,0.51,0.14,10.36,27.06,14887930.159999998,6.096666666666667,0.5866666666666667,0.7066666666666667,5636086700.2
INTB,Tecnologia da Informação,14.51,3.17,10.89,1.62,0.93,29.79,9.74,9.41,10.52,11.26,0.73,0.11,1.02,2.05,-3.2,2.77,14.84,8.53,10.38,0.57,0.42,0.91,22.88,18.17,25133938.38,8.98,1.33,-0.47,4753637206.1
ISAE,Utilidade Pública,26.865000000000002,9.025,4.96,0.87,0.395,46.33,63.15,42.48,3.335,5.42,2.2,0.57,2.105,2.995,-0.48000000000000004,3.77,17.48,7.98,10.82,0.46,0.53,0.19,19.24,15.15,11508776.264999999,30.98,5.42,0.165,17076670740.36
JBSS,Consumo não Cíclico,73.4,8.17,5.85,1.47,0.27,15.03,5.75,2.46,2.51,5.84,3.33,1.96,0.14,1.66,-0.46,1.62,25.15,4.55,12.64,0.18,0.8,1.85,15.31,12.41,1765165649.69,49.88,12.55,0.01,63726190261.8
JHSF,Consumo Cíclico,5.04,7.38,3.22,0.6,0.24,58.77,90.78,62.12,2.2,4.29,2.09,0.57,2.0,1.36,-0.35,2.1,18.55,7.33,11.26,0.4,0.58,0.12,20.35,27.06,8948882.05,8.44,1.57,0.03,3433866690.24
JOPA,Consumo não Cíclico,23.0,2.8899999999999997,12.145,0.405,0.10500000000000001,21.67,4.8,0.92,2.3200000000000003,7.38,5.16,0.9,0.11499999999999999,0.33,-0.385,1.82,3.33,0.88,3.85,0.26,0.66,0.96,12.67,13.4,1585.5,56.89,1.89,0.7949999999999999,233074678.0
JSLG,Bens Industriais,5.22,8.06,7.27,0.83,0.12,16.7,13.24,2.21,1.21,6.43,5.21,3.59,0.16,0.84,-0.19,1.62,11.48,1.63,11.7,0.14,0.86,0.74,23.9,-1.86,1704716.76,6.25,0.72,-0.17,1495170227.16
KEPL,Bens Industriais,7.27,9.01,7.57,1.83,0.86,28.03,15.9,10.89,5.19,5.05,-0.13,-0.05,0.82,2.6,-2.54,2.01,24.17,11.39,16.65,0.47,0.53,1.05,22.47,35.65,6026842.9,3.97,0.96,-0.23,1306565345.1
KLBN,Materiais Básicos,8.813333333333333,6.183333333333334,12.969999999999999,2.716666666666667,0.4066666666666667,36.72,22.03,9.0,5.296666666666667,11.979999999999999,6.72,3.44,1.1666666666666667,3.6833333333333336,-0.5266666666666667,1.96,20.94,3.14,7.56,0.15,0.8000000000000002,0.3499999999999999,13.85,21.73,28104786.683333334,3.2600000000000002,0.68,-1.7066666666666668,23272682528.75
LAME,Consumo Cíclico,6.585,,21.104999999999997,1.9049999999999998,0.28,32.9,4.35,2.27,11.004999999999999,16.86,5.87,1.01,0.48,1.1949999999999998,-0.655,1.72,9.02,1.34,3.37,0.15,0.63,0.59,3.5,18.61,,3.46,0.31,-46.86,12391135396.59
LAND,Consumo não Cíclico,9.88,0.73,89.56,1.3,0.99,93.7,31.99,14.35,40.18,44.3,4.12,0.13,12.85,-64.06,-1.06,0.8,1.46,1.11,2.74,0.76,0.24,0.08,13.88,-9.14,219307.05,7.58,0.11,-1.31,950722384.56
LAVV,Consumo Cíclico,12.03,8.38,6.54,1.57,0.67,34.22,26.28,22.48,5.6,5.61,0.01,0.0,1.47,1.1,-2.84,4.85,24.07,10.19,15.28,0.42,0.5,0.45,51.55,52.04,4199736.29,7.64,1.84,0.22,2351075254.56
LCAM,Consumo Cíclico,24.15,,17.29,0.81,0.72,14.91,8.11,8.59,18.32,13.5,-4.82,-0.21,1.49,2.5,-1.09,7.55,4.71,4.19,0.4,0.89,0.11,0.49,12.12,16.01,,29.67,1.4,-1.22,12285815275.65
LEVE,Consumo Cíclico,28.7,9.19,7.78,4.39,1.05,27.77,16.85,10.4,4.81,5.68,0.87,0.8,0.81,6.78,-2.72,1.34,56.36,13.46,26.29,0.24,0.76,1.29,12.53,14.04,5443465.05,6.54,3.69,-0.23,3889969300.0
LIGT,Utilidade Pública,5.86,,0.9,0.39,0.08,19.59,10.79,15.82,1.32,5.19,3.87,1.13,0.14,0.85,-0.12,1.44,42.92,9.02,10.04,0.21,0.79,0.57,2.13,12.76,6044811.71,15.14,6.5,0.0,2183174198.64
LOGN,Bens Industriais,26.17,,39.1,2.78,0.71,15.78,12.74,2.51,7.7,11.39,3.68,1.33,0.98,26.59,-0.97,1.11,7.1,1.82,12.02,0.26,0.74,0.73,21.58,45.2,274864.67,9.43,0.67,0.28,2808210738.62
LPSB,Financeiro e Outros,1.46,4.99,10.41,0.93,0.52,80.88,21.77,10.21,4.88,3.14,-1.74,-0.33,1.06,4.77,-0.75,1.56,8.9,5.01,14.54,0.56,0.45,0.49,5.45,,108438.33,1.58,0.14,-2.94,215429761.26
LREN,Consumo Cíclico,17.78,4.11,14.74,1.84,1.02,60.83,9.85,8.65,12.94,12.11,-0.83,-0.12,1.27,4.45,-2.38,1.67,12.45,6.93,11.56,0.56,0.44,0.8,8.53,3.07,200500201.29,9.69,1.21,0.75,18841733446.76
LUXM,Bens Industriais,1.95,,2.22,0.515,0.365,29.34,14.77,26.99,4.06,4.56,0.03,0.0,0.6,8.54,-0.43,1.41,23.24,16.47,5.47,0.71,0.29,0.61,2.77,22.98,10547.8,3.78,0.88,0.025,90417600.0
LVTC,Tecnologia da Informação,3.66,5.19,7.24,0.35,0.15,27.19,8.17,3.81,3.38,1.27,-2.1,-0.22,0.28,0.73,-0.3,1.76,4.84,2.13,6.98,0.44,0.56,0.56,10.59,9.93,47455.86,10.45,0.51,0.0,232268954.58
LWSA,Tecnologia da Informação,3.85,1.86,66.98,0.8,0.55,47.56,8.74,2.33,17.84,14.6,-3.24,-0.14,1.56,11.23,-0.82,1.17,1.19,0.81,3.74,0.68,0.32,0.35,28.85,12.48,19210013.1,4.83,0.06,-0.43,2179096943.1
MDIA,Consumo não Cíclico,24.45,2.25,14.79,1.04,0.65,33.15,7.23,5.76,11.79,11.82,0.03,0.0,0.85,2.62,-1.2,2.15,7.04,4.38,4.9,0.62,0.38,0.76,9.62,0.13,14767890.38,23.47,1.65,-0.35,8288550000.0
MDNE,Consumo Cíclico,21.0,5.91,6.38,1.11,0.42,33.77,16.55,16.43,6.34,6.78,0.45,0.08,1.05,1.41,-0.82,2.62,17.33,6.63,11.2,0.38,0.62,0.4,30.95,,13214758.86,18.98,3.29,0.1,1783096875.0
MELK,Consumo Cíclico,3.35,13.13,12.69,0.64,0.28,21.83,6.1,5.4,11.22,11.21,-0.01,0.0,0.68,0.56,-1.22,2.78,5.03,2.19,2.05,0.44,0.51,0.41,12.82,3.68,1227628.81,5.25,0.26,-0.24,691002292.35
MGLU,Consumo Cíclico,7.86,3.88,13.4,0.51,0.16,30.75,4.29,1.14,3.55,5.29,1.74,0.25,0.15,1.91,-0.33,1.2,3.82,1.22,7.14,0.32,0.68,1.07,13.85,-14.0,155089731.86,15.37,0.59,-0.08,5808502649.28
MILS,Bens Industriais,11.16,4.51,9.17,1.76,0.67,62.94,32.97,17.44,4.85,7.04,2.2,0.8,1.6,3.5,-1.04,2.17,19.17,7.32,11.06,0.38,0.62,0.42,29.09,,6927885.14,6.35,1.22,4.31,2613428790.12
MNDL,Consumo Cíclico,18.6,,70.97,1.15,0.13,37.67,12.68,0.26,1.47,5.27,3.8,2.98,0.19,-1.34,-0.22,0.81,1.62,0.18,18.08,0.11,0.89,0.7,14.83,,22558.67,16.14,0.26,-0.53,184531344.0
MNPR,Consumo não Cíclico,26.13,,12.78,-0.62,0.49,27.57,14.21,4.0,3.6,3.6,0.0,,0.51,-0.5,-1.12,0.37,-4.83,3.81,-14.64,-0.79,1.79,0.95,8.54,,34964.88,-42.32,2.04,0.69,185525613.0
MOTV,Bens Industriais,12.56,2.47,17.46,1.79,0.4,35.79,27.17,6.7,4.31,9.58,5.27,2.19,1.17,5.49,-0.48,1.81,10.23,2.32,9.92,0.23,0.77,0.35,15.52,0.2,74710317.19,7.03,0.72,6.79,25371200000.0
MOVI,Consumo Cíclico,6.37,2.79,8.48,0.85,0.08,30.15,19.78,1.86,0.8,6.91,6.11,6.5,0.16,-1.97,-0.1,0.87,10.02,0.89,12.28,0.09,0.91,0.48,28.58,2.79,38765104.1,7.49,0.75,-0.06,2216323438.42
MRSA,Bens Industriais,25.5,3.99,6.233333333333334,1.1133333333333333,0.42,42.81,35.08,19.59,3.4800000000000004,5.38,1.86,0.59,1.2233333333333334,4.44,-0.5499999999999999,1.67,17.84,6.75,11.020000000000001,0.38000000000000006,0.62,0.34,17.02,22.39,1153.3333333333333,22.929999999999996,4.09,6.966666666666666,8730240776.5
MTRE,Consumo Cíclico,3.75,13.09,6.68,0.4,0.18,24.83,8.32,5.06,4.06,8.94,4.88,0.48,0.34,0.37,-0.94,2.45,5.95,2.67,4.24,0.45,0.53,0.53,30.48,13.19,1714679.71,9.43,0.56,-0.37,396655575.0
MTSA,Bens Industriais,59.835,4.795,14.315,1.135,0.945,23.76,7.29,7.06,13.864999999999998,9.71,-4.0,-0.33,1.01,1.53,-3.995,5.36,7.91,6.63,1.56,0.84,0.16,0.94,11.91,15.34,78744.07,52.86,4.18,-0.3,520038604.0
MULT,Financeiro e Outros,25.31,4.41,9.93,2.26,1.03,82.84,67.34,51.35,7.57,10.04,2.47,0.74,5.1,20.32,-1.24,1.41,22.76,10.36,13.41,0.46,0.54,0.2,14.28,22.66,67497211.62,11.2,2.55,0.47,12988173272.31
MYPK,Consumo Cíclico,13.79,4.23,9.41,0.49,0.14,12.0,6.62,1.44,2.04,5.8,3.75,0.9,0.14,0.78,-0.26,1.61,5.23,1.47,7.48,0.28,0.69,1.02,8.89,-7.76,6973422.52,28.02,1.47,0.07,2119793297.79
NAFG,Consumo Cíclico,41.695,,7.6450000000000005,1.7899999999999998,0.745,41.15,16.49,9.34,4.325,5.06,1.17,0.48,0.7150000000000001,2.0700000000000003,-1.86,2.52,23.42,9.77,15.89,0.42,0.58,1.05,7.87,35.19,,23.3,5.46,-0.74,508315292.42
NEOE,Utilidade Pública,23.6,3.51,8.16,0.85,0.26,26.86,19.89,7.07,2.9,7.45,4.55,1.33,0.58,10.89,-0.33,1.13,10.38,3.2,10.36,0.31,0.69,0.45,11.47,9.5,19124179.0,27.85,2.89,-0.41,28645615052.8
NUTR,Materiais Básicos,3.07,,7.23,0.95,0.37,17.76,7.05,2.88,2.95,3.73,0.78,0.25,0.21,1.15,-1.26,1.81,13.17,5.07,17.65,0.38,0.62,1.76,25.86,-30.42,9195.29,3.22,0.42,2.81,40660308.0
ODER,Consumo não Cíclico,48.89,0.36,13.36,1.0,0.485,28.7,8.15,5.61,9.195,,4.6,0.5,0.75,0.975,-1.675,3.33,7.5,3.63,3.82,0.48,0.52,0.65,11.9,14.83,0.0,48.79,3.66,-0.305,
ODPV,Saúde,11.31,8.07,10.98,4.52,2.76,36.46,31.61,24.29,8.44,7.76,-0.68,-0.36,2.67,-55.21,-3.82,0.85,41.21,25.15,23.16,0.61,0.39,1.04,4.75,14.57,15426575.0,2.5,1.03,1.3,6173283984.66
OFSA,Saúde,22.26,3.27,9.72,1.89,0.95,50.58,81.96,11.92,1.41,1.65,0.24,0.31,1.16,2.54,-2.44,2.56,19.44,9.75,82.39,0.5,0.5,0.82,10.59,21.7,117912.52,11.78,2.29,-0.02,1200904873.56
PARD,Saúde,20.25,,36.76,5.3,2.1,26.45,13.31,6.98,19.27,19.93,0.66,0.18,2.57,-54.06,-3.28,0.9,14.42,5.7,13.1,0.4,0.6,0.82,13.44,2.56,,3.82,0.55,-1.04,5403493010.25
PATI,Materiais Básicos,36.785,17.66,10.129999999999999,1.12,0.5449999999999999,12.3,6.16,3.99,6.5600000000000005,7.52,0.36,0.06,0.4,1.355,-2.075,2.2,11.05,5.39,7.79,0.49,0.51,1.35,14.96,37.28,6679.445,32.85,3.63,0.035,960330161.7
PEAB,Financeiro e Outros,41.405,2.05,21.825,0.87,0.605,58.45,30.99,36.86,25.955,24.23,-1.72,-0.06,8.045,3.5250000000000004,-0.765,5.51,3.99,2.77,2.71,0.69,0.31,0.08,-26.42,-4.69,3424.0,47.53,1.9,0.26,782794190.23
PETR,"Petróleo, Gás e Biocombustíveis",32.089999999999996,17.52,8.594999999999999,1.045,0.36,49.67,27.45,9.7,3.04,5.45,2.4,0.82,0.835,-8.445,-0.405,0.72,12.16,4.19,11.0,0.34,0.65,0.43,10.18,3.69,485865338.90500003,30.71,3.73,-0.155,416153968704.33
PFRM,Saúde,8.02,7.28,7.97,0.76,0.17,14.98,2.87,1.17,3.27,5.51,2.24,0.52,0.09,1.08,-0.62,1.28,9.47,2.15,11.91,0.23,0.72,1.83,16.16,59.73,1238406.19,10.62,1.01,0.13,992978439.46
PGMN,Saúde,3.38,7.48,19.46,0.77,0.24,31.71,4.79,0.82,3.35,5.4,2.06,0.48,0.16,1.65,-0.49,1.41,3.97,1.25,12.47,0.31,0.69,1.51,14.51,,2101573.33,4.37,0.17,0.27,2104633847.68
PLPL,Consumo Cíclico,13.75,7.32,7.59,3.5,1.12,32.98,18.04,13.69,5.76,6.04,0.27,0.17,1.04,1.94,-7.39,3.12,46.07,14.76,29.06,0.32,0.65,1.08,29.22,29.29,8041940.52,3.93,1.81,0.2,2803638750.0
PNVL,Saúde,13.855,4.0,21.384999999999998,1.675,0.655,31.73,3.99,1.96,10.504999999999999,12.03,5.13,0.82,0.41500000000000004,2.455,-1.505,1.9,7.82,3.07,6.97,0.39,0.61,1.57,12.65,4.88,2604892.24,8.28,0.65,-2.1399999999999997,1366931302.29
POMO,Bens Industriais,7.3100000000000005,7.98,7.335000000000001,2.1,0.92,24.73,16.33,13.14,5.905,7.05,0.95,0.34,0.9650000000000001,3.8449999999999998,-2.2199999999999998,1.7,28.59,12.61,13.02,0.44,0.55,0.96,14.78,41.24,24398161.02,3.49,1.0,0.265,8581385972.62
PORT,Bens Industriais,17.53,6.34,13.52,2.81,1.19,47.83,33.12,18.73,7.65,9.76,2.11,0.78,2.53,57.42,-1.46,1.12,20.81,8.78,13.49,0.42,0.58,0.47,12.8,37.65,17254848.81,6.23,1.3,0.38,7730342587.0
POWE,Utilidade Pública,10.9,,23.92,0.99,0.38,6.82,3.52,2.59,17.55,10.6,-6.96,-0.39,0.62,6.57,-0.74,1.13,4.13,1.58,3.81,0.38,0.62,0.61,,,,11.02,0.46,-1.77,977237930.4
PRIO,"Petróleo, Gás e Biocombustíveis",43.47,,3.44,1.46,0.71,43.99,40.3,72.61,6.2,9.04,2.85,0.67,2.5,6.84,-0.84,3.19,42.58,20.68,0.78,0.49,0.51,0.28,54.25,77.89,303277746.52,29.68,12.64,0.03,38964168140.31
PRNR,Bens Industriais,15.25,0.34,68.63,2.07,0.5,22.09,7.78,0.83,7.31,10.5,3.2,0.91,0.57,1.83,-1.15,1.96,3.02,0.73,9.03,0.24,0.75,0.89,25.85,,3600112.29,7.36,0.22,2.58,712491544.25
PTNT,Consumo Cíclico,6.795,4.44,8.469999999999999,0.74,0.31,14.84,6.42,4.69,6.18,8.2,2.68,0.32,0.395,0.8999999999999999,-0.6950000000000001,2.56,8.77,3.63,5.51,0.41,0.5,0.77,6.38,9.66,21354.81,9.15,0.8,-0.515,291648393.96
RADL,Saúde,13.57,3.0,19.82,3.59,1.03,29.58,5.79,2.95,10.12,11.29,1.17,0.42,0.59,6.94,-2.45,1.34,18.13,5.2,20.13,0.29,0.71,1.76,17.22,8.78,125098762.05,3.78,0.68,1.66,23313357704.0
RANI,Materiais Básicos,6.3,9.33,4.6850000000000005,1.07,0.41000000000000003,38.59,20.41,19.35,4.445,8.24,3.23,0.78,0.905,1.615,-0.64,3.51,22.84,8.76,9.35,0.38,0.62,0.45,12.61,,3711423.52,5.89,1.35,-0.86,1702792424.9
RAPT,Bens Industriais,7.835,5.24,8.09,0.83,0.14,26.63,9.86,2.54,2.085,7.6,5.51,2.2,0.20500000000000002,0.505,-0.315,2.06,10.27,1.76,7.61,0.17,0.76,0.69,18.53,5.2,7665594.095,9.43,0.97,-1.2349999999999999,2588490181.77
RDOR,Saúde,32.87,2.26,18.43,3.01,0.72,19.38,15.5,7.95,9.45,9.18,-0.27,-0.09,1.47,2.19,-1.46,2.87,16.33,3.91,10.81,0.24,0.74,0.49,30.58,28.46,129208615.48,10.92,1.78,0.31,75249047433.3
REAG,Tecnologia da Informação,4.0,,42.38,1.92,1.8,83.42,-44.59,21.86,-20.77,-9.97,10.8,-1.0,9.26,1.97,-73.79,16.47,4.53,4.25,-10.9,0.94,0.06,0.19,35.82,,44648.19,2.08,0.09,0.12,563967224.0
RECV,"Petróleo, Gás e Biocombustíveis",13.74,15.96,7.27,0.9,0.54,36.76,29.83,16.42,4.0,4.83,0.83,0.19,1.19,4.3,-0.69,2.47,12.43,7.44,15.94,0.6,0.4,0.45,57.21,54.19,28185796.71,15.21,1.89,-0.7,4032307011.24
REDE,Utilidade Pública,6.55,2.72,10.41,3.32,0.46,25.13,17.87,7.35,4.28,8.34,4.06,3.15,0.76,6.28,-0.62,1.38,31.93,4.41,13.7,0.14,0.79,0.6,9.82,13.28,6546.1,1.97,0.63,-0.36,13822618099.7
RENT,Consumo Cíclico,35.65,4.96,20.07,1.46,0.48,23.5,15.54,4.97,6.41,12.17,5.75,1.31,1.0,7.32,-0.61,1.43,7.28,2.38,7.72,0.33,0.67,0.48,29.6,18.19,278917822.38,24.42,1.78,-4.33,38595428668.0
RLOG,Bens Industriais,23.08,,82.76,4.26,0.23,34.71,29.67,1.85,5.17,12.09,6.92,5.71,1.53,1.49,-0.31,2.64,5.15,0.28,5.46,0.05,0.71,0.15,50.58,4.37,,5.41,0.28,-2.42,10691215482.28
ROMI,Bens Industriais,8.4,9.76,8.56,0.64,0.31,27.85,6.73,7.0,8.91,14.92,6.01,0.43,0.6,0.97,-0.77,2.17,7.48,3.64,4.39,0.49,0.51,0.52,9.77,-6.76,695114.19,13.11,0.98,-0.23,782634274.8
RSUL,Bens Industriais,33.65,,3.485,0.815,0.49,41.05,21.75,15.11,2.42,1.53,-0.46,-0.16,0.525,1.395,-1.13,2.65,23.36,14.07,13.76,0.6,0.4,0.93,17.77,27.64,60079.79,41.32,9.66,0.52,167928642.5
SAPR,Utilidade Pública,16.900000000000002,5.936666666666667,4.663333333333334,0.9199999999999999,0.4466666666666666,56.21,38.82,34.13,4.103333333333333,5.78,1.76,0.4000000000000001,1.5933333333333335,10.24,-0.5133333333333333,1.47,19.72,9.54,13.92,0.48,0.52,0.28,7.71,17.06,17436398.873333335,18.586666666666666,3.6633333333333336,0.09333333333333334,10847433215.38
SBFG,Consumo Cíclico,12.04,4.55,5.19,1.01,0.35,49.3,8.35,7.85,4.88,7.92,3.04,0.63,0.41,2.07,-0.71,1.49,19.46,6.7,10.87,0.34,0.66,0.85,22.95,12.77,12476276.71,11.91,2.32,0.03,2937916279.2
SBSP,Utilidade Pública,111.9,3.33,7.47,1.99,0.89,53.87,43.91,26.93,4.58,5.75,1.17,0.51,2.01,70.2,-1.06,1.09,26.66,11.95,11.85,0.45,0.55,0.44,14.98,24.91,212058282.0,56.18,14.98,0.04,76484754341.1
SEER,Consumo Cíclico,8.4,1.83,18.02,0.86,0.32,57.02,14.47,2.9,3.61,5.57,1.96,0.47,0.52,5.49,-0.44,1.26,4.79,1.76,12.98,0.37,0.63,0.61,9.2,-15.14,4838790.33,9.73,0.47,-0.04,1081261104.0
SHUL,Bens Industriais,16.205,4.19,21.735,3.9450000000000003,2.0700000000000003,26.23,14.79,13.43,19.740000000000002,17.62,-0.16,-0.03,2.92,4.74,-5.81,3.1,18.15,9.52,10.83,0.52,0.48,0.71,12.91,22.36,763618.025,4.11,0.75,14.5,5213917666.44
SLCE,Consumo não Cíclico,18.2,3.0,9.74,1.64,0.46,31.67,21.76,9.58,4.29,6.98,2.69,1.03,0.93,3.44,-0.83,1.44,16.86,4.74,13.72,0.28,0.71,0.49,20.74,21.6,32591653.19,11.08,1.87,0.23,8068600831.2
SLED,Consumo Cíclico,2.4050000000000002,,0.335,-0.06,0.36,47.85,73.94,92.71,0.42000000000000004,0.95,0.65,,0.315,-0.15000000000000002,-0.54,0.12,-18.07,107.04,-15.91,-5.92,6.92,1.15,-45.03,,,-39.57,7.15,-0.015,16497692.59
SMFT,Consumo Cíclico,21.9,2.63,28.21,2.37,0.72,41.79,22.78,7.73,9.57,11.76,2.19,0.54,2.18,9.04,-0.93,1.53,8.39,2.54,11.66,0.3,0.7,0.33,22.98,,72464036.81,9.25,0.78,-0.51,13079776160.7
SMLS,Consumo Cíclico,22.4,,10.78,4.09,1.02,85.18,41.42,39.07,10.17,9.93,-0.24,-0.1,4.21,18.78,-2.54,1.1,37.96,9.43,20.63,0.25,0.75,0.24,,,,5.47,2.08,-0.33,2781160547.2
SMTO,Consumo não Cíclico,17.82,5.06,10.64,0.88,0.27,24.93,21.19,7.77,3.9,9.07,5.16,1.17,0.83,1.59,-0.38,2.43,8.31,2.56,7.91,0.31,0.69,0.33,14.16,-2.72,25931031.95,20.15,1.67,-0.17,5923998667.62
SOJA,Consumo não Cíclico,10.3,2.89,13.94,1.03,0.4,12.79,8.38,5.26,8.74,8.48,-0.26,-0.03,0.73,0.78,-1.46,3.46,7.42,2.88,4.69,0.39,0.43,0.55,35.41,30.27,3362603.38,9.96,0.74,-0.19,1393818083.2
SOMA,Consumo Cíclico,5.95,,2.96,0.8,0.49,56.8,-46.46,29.33,-1.87,-2.32,-0.45,0.19,0.87,2.01,-0.84,2.36,27.15,16.44,-47.2,0.61,0.39,0.56,37.72,80.87,99716529.0,7.4,2.01,0.01,4669246869.35
SOND,Bens Industriais,41.97333333333333,14.653333333333334,4.329999999999999,1.4366666666666668,0.88,30.11,15.949999999999998,11.54,3.133333333333333,2.26,-0.9499999999999998,-0.44,0.5,3.0366666666666666,-2.0,2.07,33.27,20.3,15.5,0.61,0.38999999999999996,1.76,25.49,40.27,2628.0,29.13,9.69,0.01,105765729.0
SULA,Financeiro e Outros,11.94,,51.593333333333334,1.1199999999999999,0.30666666666666664,4.25,-3.34,0.83,-12.770000000000001,7.41,19.47,-1.71,0.42333333333333334,0.84,-0.8966666666666666,2.29,2.17,0.6,-9.49,0.28,0.7200000000000001,0.73,4.58,-23.56,313020093.0,10.913333333333334,0.23666666666666666,-0.9333333333333332,8840533965.2
SYNE,Financeiro e Outros,6.45,51.8,1.76,0.9,0.31,41.41,62.11,42.0,1.19,1.68,0.48,0.37,0.74,1.01,-0.5,5.43,51.13,17.62,21.94,0.34,0.41,0.42,23.59,76.27,2404339.76,7.15,3.66,0.0,984556670.25
TAEE,Utilidade Pública,18.73,8.13,6.886666666666667,1.59,0.55,63.45000000000001,73.56,42.45,3.973333333333333,7.22,3.24,1.3,2.926666666666667,8.083333333333334,-0.65,1.8500000000000003,23.09,8.01,15.14,0.3499999999999999,0.65,0.19000000000000003,15.68,10.96,13210657.933333332,11.766666666666666,2.7166666666666663,0.3,11626838111.25
TASA,Bens Industriais,6.234999999999999,3.27,11.385,0.685,0.345,34.96,9.47,4.85,5.83,9.31,3.6,0.42,0.5549999999999999,1.44,-0.81,1.7,6.01,3.01,7.37,0.5,0.5,0.62,10.85,11.93,767314.145,9.1,0.55,-0.26,850519942.4
TECN,Consumo Cíclico,6.36,3.75,6.2,0.96,0.57,54.67,16.13,15.17,5.83,6.01,0.18,0.03,0.94,1.25,-1.72,3.2,15.53,9.25,10.5,0.6,0.4,0.61,4.83,,555411.05,6.6,1.03,0.84,393405527.4
TEND,Consumo Cíclico,22.5,0.76,14.71,2.54,0.54,28.78,10.02,5.51,8.08,9.39,1.3,0.41,0.81,2.08,-1.31,1.77,17.3,3.65,14.48,0.21,0.78,0.66,10.99,-6.58,26469869.33,8.84,1.53,0.0,2758008420.0
TGMA,Bens Industriais,33.82,7.63,8.08,2.31,1.65,21.57,17.64,12.9,5.91,5.54,-0.37,-0.15,1.04,4.58,-3.48,3.2,28.62,20.47,17.26,0.72,0.28,1.59,9.18,7.33,7679306.29,14.62,4.19,0.16,2232218585.3
TIMS,Comunicações,20.38,8.09,32.89,3.53,0.87,53.3,22.08,5.83,8.68,7.71,-0.97,-0.4,1.92,-41.7,-1.13,0.92,10.73,2.64,23.9,0.25,0.61,0.45,7.93,-16.17,129781502.43,5.77,0.62,-1.43,49335993631.24
TKNO,Materiais Básicos,89.99000000000001,6.44,5.525,0.8200000000000001,0.6499999999999999,26.46,17.21,16.12,5.175,3.88,-1.34,-0.21,0.89,1.53,-1.595,3.45,14.79,11.71,9.84,0.79,0.21,0.73,15.06,38.6,5050.0,110.12,16.28,0.29000000000000004,267535077.98
TOTS,Tecnologia da Informação,41.42,1.79,31.61,5.17,2.86,69.74,17.31,14.44,26.38,26.04,-0.33,-0.07,4.57,14.08,-4.31,2.52,16.37,9.04,12.2,0.55,0.41,0.63,18.01,30.22,92340928.95,8.01,1.31,13.35,24827213485.02
TPIS,Bens Industriais,4.01,5.75,8.74,0.19,0.06,35.31,1.93,1.55,7.03,59.77,52.74,1.45,0.14,-0.15,-0.07,0.13,2.21,0.74,-2.62,0.34,0.67,0.48,5.93,,23505.33,20.74,0.46,-0.13,176440000.0
TRIS,Consumo Cíclico,6.3,4.77,6.45,0.78,0.38,29.53,15.35,13.86,5.82,7.58,1.76,0.24,0.89,0.62,-2.35,3.57,12.16,5.85,6.94,0.48,0.51,0.42,11.01,5.42,2083412.71,8.04,0.98,0.15,1175690489.4
TTEN,Consumo não Cíclico,13.3,1.43,8.37,1.6,0.68,18.63,8.77,5.82,5.55,6.02,0.46,0.13,0.49,3.35,-1.95,1.45,19.11,8.07,10.31,0.42,0.58,1.39,41.95,45.71,25796995.81,8.31,1.59,0.32,6643318705.1
UCAS,Consumo Cíclico,1.4,12.97,21.91,0.5,0.24,35.73,-2.08,1.9,-19.97,-32.47,-12.49,0.31,0.42,3.2,-0.35,1.3,2.26,1.08,-3.01,0.48,0.52,0.57,8.69,-25.16,33677.81,2.82,0.06,-0.31,92520909.6
UGPA,"Petróleo, Gás e Biocombustíveis",15.84,4.42,7.8,1.16,0.47,7.16,3.51,1.66,3.69,6.26,2.57,0.81,0.13,2.82,-0.76,1.76,14.9,6.0,10.55,0.4,0.58,3.61,8.37,43.39,68239054.62,13.62,2.03,-0.59,17669633762.88
UNIP,Materiais Básicos,54.42666666666667,7.636666666666667,9.463333333333333,2.3233333333333337,0.8466666666666667,27.929999999999996,13.550000000000002,11.550000000000002,8.066666666666666,9.29,1.27,0.36999999999999994,1.0933333333333333,3.8866666666666667,-1.3933333333333333,2.24,24.570000000000004,8.94,9.15,0.36000000000000004,0.63,0.77,12.24,30.27,1955504.5533333335,23.41,5.75,0.9466666666666667,6121291009.04
USIM,Materiais Básicos,5.306666666666667,,47.32333333333333,0.2733333333333333,0.16333333333333333,7.669999999999999,3.0400000000000005,0.53,8.24,7.71,1.55,0.05000000000000001,0.25,0.47333333333333333,-0.2966666666666667,4.26,0.58,0.34,2.27,0.59,0.34,0.65,11.589999999999998,-8.0,16607725.826666666,19.29,0.11,-0.5666666666666667,4970065380.68
VALE,Materiais Básicos,54.46,8.73,7.86,1.22,0.52,35.45,25.35,14.88,4.61,5.92,1.31,0.35,1.17,29.62,-0.63,1.11,15.57,6.57,14.22,0.42,0.56,0.44,7.33,,901367147.81,44.52,6.93,-0.42,247194352806.8
VAMO,Bens Industriais,3.83,7.0,13.54,1.66,0.18,68.12,59.59,7.1,1.61,6.25,4.64,4.78,0.96,1.52,-0.25,1.86,12.29,1.36,11.69,0.11,0.89,0.19,31.14,16.62,52512681.38,2.3,0.28,-0.28,4140354616.71
VBBR,"Petróleo, Gás e Biocombustíveis",20.24,6.5,3.66,1.1,0.36,4.77,4.93,3.49,2.59,4.98,2.39,1.02,0.13,1.8,-0.62,1.94,30.13,9.95,10.05,0.33,0.66,2.85,12.65,22.87,187963161.57,18.37,5.53,0.28,22648560000.0
VITT,Materiais Básicos,4.97,6.62,10.26,1.19,0.76,32.86,10.85,9.07,8.58,11.45,2.87,0.4,0.93,1.92,-2.05,2.67,11.59,7.39,7.15,0.64,0.36,0.81,12.74,5.86,870485.48,4.18,0.48,-0.69,747060669.46
VIVA,Consumo Cíclico,25.6,2.58,8.25,2.32,1.43,70.11,27.44,27.44,8.25,8.65,0.4,0.11,2.27,3.18,-3.82,3.54,28.05,17.33,21.78,0.62,0.38,0.63,28.01,23.21,55294495.43,11.06,3.1,0.08,6046662886.4
VIVT,Comunicações,38.165,3.54,21.795,1.825,0.985,43.78,15.43,10.07,14.225,12.97,1.41,0.18,2.195,-129.605,-1.2349999999999999,0.96,8.39,4.51,7.49,0.54,0.46,0.45,4.76,2.69,145606725.24,20.87,1.75,1.79,101067296278.08
VLID,Bens Industriais,22.44,12.06,5.99,1.05,0.62,35.02,17.65,14.01,4.76,4.64,-0.12,-0.03,0.84,1.87,-1.28,2.83,17.51,10.39,14.12,0.59,0.4,0.74,1.58,41.37,4667329.43,21.39,3.74,3.8,1836408255.0
VSPT,Bens Industriais,2.5,,2.6,0.265,0.055,20.26,10.65,3.62,0.885,2.56,0.8,0.24,0.095,-0.5,-0.065,0.55,10.12,2.14,19.79,0.21,0.79,0.59,10.07,,0.0,9.5,0.96,-0.02,714038920.0
VULC,Consumo Cíclico,18.83,8.63,8.84,2.35,1.77,41.88,18.82,18.63,8.75,8.77,0.02,0.01,1.65,3.45,-5.88,3.74,26.62,20.02,22.84,0.75,0.25,1.07,17.52,32.63,8884421.33,8.01,2.13,0.51,5188347474.52
WEGE,Bens Industriais,42.39,1.92,28.42,8.36,4.52,33.62,20.06,15.64,22.16,21.85,-0.3,-0.11,4.44,17.1,-12.53,1.71,29.42,15.92,25.08,0.54,0.43,1.02,23.27,31.13,284611348.05,5.07,1.49,3.22,177924309935.22
WHRL,Consumo Cíclico,4.17,18.09,7.005,2.29,0.625,18.11,7.43,6.8,6.405,4.62,-1.8,-0.64,0.475,14.774999999999999,-2.0,1.07,32.67,8.9,17.85,0.27,0.73,1.31,10.8,-12.8,77778.64499999999,1.82,0.6,0.05,6277709960.58
WIZC,Financeiro e Outros,7.43,3.37,7.02,2.0,0.46,62.29,44.13,12.96,2.06,2.0,-0.06,-0.06,0.91,50.46,-0.62,1.04,28.54,6.62,23.88,0.23,0.53,0.51,13.02,-4.57,1946229.9,3.71,1.06,2.78,1188111105.26
WLMM,Bens Industriais,23.18,2.725,6.77,1.06,0.59,12.41,6.73,4.08,4.105,5.74,1.64,0.42,0.28,1.73,-1.45,2.36,15.69,8.74,8.24,0.56,0.44,2.14,23.58,20.16,33702.79,21.82,3.42,1.0899999999999999,841408822.0
YDUQ,Consumo Cíclico,13.18,4.33,11.31,1.16,0.37,60.89,17.03,5.94,3.95,8.79,4.85,1.43,0.67,5.65,-0.49,1.36,10.29,3.25,10.24,0.32,0.68,0.55,8.46,-13.14,37526742.38,11.32,1.17,0.11,3612491056.18
